,link,name,type
0,https://www.qu.la/book/4140/,太古神王,玄幻奇幻排行
1,https://www.qu.la/book/176/,大主宰,玄幻奇幻排行
2,https://www.qu.la/book/68/,武炼巅峰,玄幻奇幻排行
3,https://www.qu.la/book/13453/,龙王传说,玄幻奇幻排行
4,https://www.qu.la/book/4703/,全职法师,玄幻奇幻排行
5,https://www.qu.la/book/13781/,神道丹尊,玄幻奇幻排行
6,https://www.qu.la/book/5094/,雪鹰领主,玄幻奇幻排行
7,https://www.qu.la/book/168/,择天记,玄幻奇幻排行
8,https://www.qu.la/book/3137/,元尊,玄幻奇幻排行
9,https://www.qu.la/book/175/,修罗武神,玄幻奇幻排行
10,https://www.qu.la/book/14/,完美世界,玄幻奇幻排行
11,https://www.qu.la/book/14721/,万古神帝,玄幻奇幻排行
12,https://www.qu.la/book/903/,儒道至圣,玄幻奇幻排行
13,https://www.qu.la/book/24868/,圣墟,玄幻奇幻排行
14,https://www.qu.la/book/199/,异世灵武天下,玄幻奇幻排行
15,https://www.qu.la/book/394/,遮天,武侠仙侠排行
16,https://www.qu.la/book/16431/,一念永恒,武侠仙侠排行
17,https://www.qu.la/book/18049/,不朽凡人,武侠仙侠排行
18,https://www.qu.la/book/4295/,掠天记,武侠仙侠排行
19,https://www.qu.la/book/25052/,最强装逼打脸系统,武侠仙侠排行
20,https://www.qu.la/book/11631/,九仙图,武侠仙侠排行
21,https://www.qu.la/book/1/,我欲封天,武侠仙侠排行
22,https://www.qu.la/book/76/,莽荒纪,武侠仙侠排行
23,https://www.qu.la/book/19777/,斗战狂潮,武侠仙侠排行
24,https://www.qu.la/book/3962/,逍遥派,武侠仙侠排行
25,https://www.qu.la/book/401/,凡人修仙传,武侠仙侠排行
26,https://www.qu.la/book/2847/,飞天,武侠仙侠排行
27,https://www.qu.la/book/14850/,白袍总管,武侠仙侠排行
28,https://www.qu.la/book/3634/,符皇,武侠仙侠排行
29,https://www.qu.la/book/27946/,重生西游之天篷妖尊,武侠仙侠排行
30,https://www.qu.la/book/147/,特种兵在都市,都市言情排行
31,https://www.qu.la/book/161/,校花的贴身高手,都市言情排行
32,https://www.qu.la/book/38531/,大王饶命,都市言情排行
33,https://www.qu.la/book/13890/,重生完美时代,都市言情排行
34,https://www.qu.la/book/4511/,最强兵王,都市言情排行
35,https://www.qu.la/book/19732/,重生之都市修仙,都市言情排行
36,https://www.qu.la/book/3802/,都市无上仙医,都市言情排行
37,https://www.qu.la/book/2970/,超品相师,都市言情排行
38,https://www.qu.la/book/4301/,极品透视,都市言情排行
39,https://www.qu.la/book/49/,权力巅峰,都市言情排行
40,https://www.qu.la/book/11607/,至尊兵王,都市言情排行
41,https://www.qu.la/book/17460/,仙界归来,都市言情排行
42,https://www.qu.la/book/3820/,俗人回档,都市言情排行
43,https://www.qu.la/book/187/,官榜,都市言情排行
44,https://www.qu.la/book/25840/,都市超级医圣,都市言情排行
45,https://www.qu.la/book/24456/,驭房有术,科幻灵异排行
46,https://www.qu.la/book/398/,吞噬星空,科幻灵异排行
47,https://www.qu.la/book/27473/,末世之全能大师,科幻灵异排行
48,https://www.qu.la/book/9418/,英雄联盟之王者荣耀,科幻灵异排行
49,https://www.qu.la/book/4292/,修真四万年,科幻灵异排行
50,https://www.qu.la/book/26993/,神级剑魂系统,科幻灵异排行
51,https://www.qu.la/book/26948/,末世钢铁车队,科幻灵异排行
52,https://www.qu.la/book/9389/,我在末世有套房,科幻灵异排行
53,https://www.qu.la/book/3650/,异常生物见闻录,科幻灵异排行
54,https://www.qu.la/book/26841/,我的房间有扇任意门,科幻灵异排行
55,https://www.qu.la/book/16916/,机破星河,科幻灵异排行
56,https://www.qu.la/book/10204/,武侠世界大穿越,科幻灵异排行
57,https://www.qu.la/book/29985/,最强齐天大圣,科幻灵异排行
58,https://www.qu.la/book/11027/,会穿越的外交官,科幻灵异排行
59,https://www.qu.la/book/249/,黑铁之堡,科幻灵异排行
60,https://www.qu.la/book/32/,全职高手,网游竞技排行
61,https://www.qu.la/book/9362/,重生之最强剑神,网游竞技排行
62,https://www.qu.la/book/38762/,全能游戏设计师,网游竞技排行
63,https://www.qu.la/book/10479/,网游之逆天戒指,网游竞技排行
64,https://www.qu.la/book/693/,英雄联盟之谁与争锋,网游竞技排行
65,https://www.qu.la/book/4540/,网游之大盗贼,网游竞技排行
66,https://www.qu.la/book/156/,惊悚乐园,网游竞技排行
67,https://www.qu.la/book/3791/,网游之狂兽逆天,网游竞技排行
68,https://www.qu.la/book/26846/,英雄联盟之唯我独尊,网游竞技排行
69,https://www.qu.la/book/28975/,重返三百年,网游竞技排行
70,https://www.qu.la/book/2550/,网游之天下无双,网游竞技排行
71,https://www.qu.la/book/11139/,冠军之心,网游竞技排行
72,https://www.qu.la/book/31243/,超神机械师,网游竞技排行
73,https://www.qu.la/book/2501/,异界全职业大师,网游竞技排行
74,https://www.qu.la/book/2520/,重生之贼行天下,网游竞技排行
75,https://www.qu.la/book/6598/,误惹妖孽王爷：废材逆天四小姐,女生频道排行
76,https://www.qu.la/book/11424/,邪王追妻：废材逆天小姐,女生频道排行
77,https://www.qu.la/book/13703/,神医嫡女,女生频道排行
78,https://www.qu.la/book/34377/,至尊瞳术师：绝世大小姐,女生频道排行
79,https://www.qu.la/book/38500/,蜜爱100分：不良鲜妻有点甜,女生频道排行
80,https://www.qu.la/book/61027/,医品毒妃倾天下,女生频道排行
81,https://www.qu.la/book/39161/,凤帝九倾,女生频道排行
82,https://www.qu.la/book/28907/,田园蜜宠：农家小娘子火辣辣,女生频道排行
83,https://www.qu.la/book/67608/,恰似寒光遇骄阳,女生频道排行
84,https://www.qu.la/book/29437/,老公狠坏，狠强势！,女生频道排行
85,https://www.qu.la/book/45399/,异能特工：军火皇后,女生频道排行
86,https://www.qu.la/book/40723/,农女重生之丞相夫人,女生频道排行
87,https://www.qu.la/book/33269/,重生八零锦绣军婚,女生频道排行
88,https://www.qu.la/book/29715/,重生影后小军嫂,女生频道排行
89,https://www.qu.la/book/41344/,闪婚厚爱：误嫁天价老公,女生频道排行
90,https://www.qu.la/book/23934/,逍遥小书生,历史军事排行
91,https://www.qu.la/book/24704/,天唐锦绣,历史军事排行
92,https://www.qu.la/book/19730/,唐朝好地主,历史军事排行
93,https://www.qu.la/book/118/,唐砖,历史军事排行
94,https://www.qu.la/book/4264/,贞观大闲人,历史军事排行
95,https://www.qu.la/book/12763/,大魏宫廷,历史军事排行
96,https://www.qu.la/book/24503/,带着仓库到大明,历史军事排行
97,https://www.qu.la/book/18779/,抗日之特战兵王,历史军事排行
98,https://www.qu.la/book/17069/,庶子风流,历史军事排行
99,https://www.qu.la/book/21287/,明末工程师,历史军事排行
100,https://www.qu.la/book/8909/,寒门崛起,历史军事排行
101,https://www.qu.la/book/3658/,神话版三国,历史军事排行
102,https://www.qu.la/book/123/,抗日之兵魂传说,历史军事排行
103,https://www.qu.la/book/25299/,抗战之第十班,历史军事排行
104,https://www.qu.la/book/4015/,三国之召唤猛将,历史军事排行
105,https://www.qu.la/book/4140/,太古神王,完本小说排行
106,https://www.qu.la/book/176/,大主宰,完本小说排行
107,https://www.qu.la/book/13453/,龙王传说,完本小说排行
108,https://www.qu.la/book/13781/,神道丹尊,完本小说排行
109,https://www.qu.la/book/5094/,雪鹰领主,完本小说排行
110,https://www.qu.la/book/168/,择天记,完本小说排行
111,https://www.qu.la/book/394/,遮天,完本小说排行
112,https://www.qu.la/book/32/,全职高手,完本小说排行
113,https://www.qu.la/book/23934/,逍遥小书生,完本小说排行
114,https://www.qu.la/book/16431/,一念永恒,完本小说排行
115,https://www.qu.la/book/14/,完美世界,完本小说排行
116,https://www.qu.la/book/199/,异世灵武天下,完本小说排行
117,https://www.qu.la/book/322/,绝世武神,完本小说排行
118,https://www.qu.la/book/4511/,最强兵王,完本小说排行
119,https://www.qu.la/book/18049/,不朽凡人,完本小说排行
