,img,link,name,title
0,http://imgwx3.2345.com/dypcimg/img/5/65/sup195593_223x310.jpg,http://dianying.2345.com/detail/195593.html,"['魏大勋', '郭姝彤', '张萌']",因为爱情
1,http://imgwx5.2345.com/dypcimg/img/c/63/sup189375_223x310.jpg?1533114693,http://dianying.2345.com/detail/189375.html,"['保罗·路德', '伊万杰琳·莉莉', '迈克尔·道格拉斯']",蚁人2:黄蜂女现身
2,http://imgwx4.2345.com/dypcimg/img/8/65/sup195114_223x310.jpg?1511860335,http://dianying.2345.com/detail/195114.html,"['陈学冬', '张孝全', '桂纶镁']",巨额来电
3,http://imgwx2.2345.com/dypcimg/img/9/67/sup201282_223x310.jpg,http://dianying.2345.com/detail/201282.html,"['傅程鹏', '任柯诺', '张进']",特种兵归来3:绝密战场
4,http://imgwx1.2345.com/dypcimg/img/2/67/sup201066_223x310.jpg?1543803970,http://dianying.2345.com/detail/201066.html,"['邓超', '孙俪', '郑恺']",影
5,http://imgwx5.2345.com/dypcimg/img/3/49/sup149429_223x310.jpg?1539221832,http://dianying.2345.com/detail/149429.html,"['小罗伯特·唐尼', '克里斯·埃文斯', '马克·鲁法洛']",复仇者联盟3：无限战争
6,http://imgwx4.2345.com/dypcimg/img/6/66/sup198844_223x310.jpg?1542962330,http://dianying.2345.com/detail/198844.html,"['姜文', '彭于晏', '廖凡']",邪不压正
7,http://imgwx5.2345.com/dypcimg/img/0/67/sup201283_223x310.jpg,http://dianying.2345.com/detail/201283.html,"['傅程鹏', '任柯诺', '张进']",特种兵归来
8,http://imgwx5.2345.com/dypcimg/img/1/66/sup199291_223x310.jpg?1541380775,http://dianying.2345.com/detail/199291.html,"['沈腾', '宋芸桦', '张一鸣']",西虹市首富
9,http://imgwx5.2345.com/dypcimg/img/d/65/sup197529_223x310.jpg?1526525580,http://dianying.2345.com/detail/197529.html,"['查德维克·博斯曼', '露皮塔·尼永奥', '迈克尔·B·乔丹']",黑豹
10,http://imgwx1.2345.com/dypcimg/img/4/67/sup201130_223x310.jpg,http://dianying.2345.com/detail/201130.html,"['包贝尔', '文章', '郭京飞']",胖子行动队
11,http://imgwx1.2345.com/dypcimg/img/2/66/sup199753_223x310.jpg?1533805777,http://dianying.2345.com/detail/199753.html,"['亚当·桑德勒', '凯瑟琳·哈恩', '史蒂夫·布西密']",精灵旅社3:疯狂假期
12,http://imgwx1.2345.com/dypcimg/img/3/66/sup200071_223x310.jpg?1536221067,http://dianying.2345.com/detail/200071.html,"['黄才伦', '艾伦', '宋阳']",李茶的姑妈
13,http://imgwx2.2345.com/dypcimg/img/3/66/sup199222_223x310.jpg?1529561334,http://dianying.2345.com/detail/199222.html,"['格雷格·T·尼尔森', '霍利·亨特', '塞缪尔·杰克逊']",超人总动员2
14,http://imgwx3.2345.com/dypcimg/img/5/49/sup149647_223x310.jpg?1534386043,http://dianying.2345.com/detail/149647.html,"['姚晨', '马伊琍', '袁文康']",找到你
15,http://imgwx1.2345.com/dypcimg/img/d/67/sup201204_223x310.jpg,http://dianying.2345.com/detail/201204.html,"['傅程鹏', '任柯诺', '张进']",特种兵归来2:黑色罂粟
16,http://imgwx2.2345.com/dypcimg/img/2/66/sup200333_223x310.jpg?1544412733,http://dianying.2345.com/detail/200333.html,"['周迅', '秦昊', '杜江']","你好,之华"
17,http://imgwx4.2345.com/dypcimg/img/5/67/sup201142_223x310.jpg,http://dianying.2345.com/detail/201142.html,"['傅程鹏', '任柯诺', '张进']",特种兵归来1:血狼之怒
18,http://imgwx2.2345.com/dypcimg/img/4/66/sup199111_223x310.jpg?1528442128,http://dianying.2345.com/detail/199111.html,"['徐峥', '周一围', '王传君']",我不是药神
19,http://imgwx3.2345.com/dypcimg/img/1/66/sup200438_223x310.jpg,http://dianying.2345.com/detail/200438.html,"['陈雨成', '汤婴皓', '陈禹铭']",反叛者
20,http://imgwx3.2345.com/dypcimg/img/f/65/sup196006_223x310.jpg?1517109599,http://dianying.2345.com/detail/196006.html,"['大鹏', '倪妮', '李治廷']",奇门遁甲
21,http://imgwx4.2345.com/dypcimg/img/6/67/sup201064_223x310.jpg,http://dianying.2345.com/detail/201064.html,"['芦鑫', '马千壹', '秦楚明']",河盗
22,http://imgwx3.2345.com/dypcimg/img/9/64/sup193253_223x310.jpg?1527300757,http://dianying.2345.com/detail/193253.html,"['章子怡', '黄晓明', '王力宏']",无问西东
23,http://imgwx1.2345.com/dypcimg/img/5/66/sup200665_223x310.jpg,http://dianying.2345.com/detail/200665.html,"['李冉', '李振', '梁伟章']",狙击者
24,http://imgwx5.2345.com/dypcimg/img/5/65/sup195285_223x310.jpg?1542000876,http://dianying.2345.com/detail/195285.html,"['陈奕迅', '李荣浩', '李一桐']",卧底巨星
25,http://imgwx1.2345.com/dypcimg/img/d/66/sup200721_223x310.jpg,http://dianying.2345.com/detail/200721.html,"['孟瑞', '赵闪闪', '蓝振廷']",药仙
26,http://imgwx1.2345.com/dypcimg/img/6/66/sup200115_223x310.jpg?1536803454,http://dianying.2345.com/detail/200115.html,"['赵英博', '任敏', '辛云来']",悲伤逆流成河
27,http://imgwx4.2345.com/dypcimg/img/0/66/sup200813_223x310.jpg,http://dianying.2345.com/detail/200813.html,"['雷承昆', '张楠', '李江']",荒漠游侠
28,http://imgwx1.2345.com/dypcimg/img/4/66/sup200978_223x310.jpg,http://dianying.2345.com/detail/200978.html,"['张层层', '莫小错', '詹子潼']",阁楼房客是总裁
29,http://imgwx1.2345.com/dypcimg/img/8/66/sup200938_223x310.jpg,http://dianying.2345.com/detail/200938.html,[],忍者通告
30,http://imgwx4.2345.com/dypcimg/img/3/67/sup201039_223x310.jpg,http://dianying.2345.com/detail/201039.html,"['汤姆·克鲁斯', '丽贝卡·弗格森', '亨利·卡维尔']",碟中谍6:全面瓦解
31,http://imgwx2.2345.com/dypcimg/img/5/66/sup200870_223x310.jpg,http://dianying.2345.com/detail/200870.html,"['颜卓灵', '张赫', '曲尼次仁']",记忆折叠
32,http://imgwx3.2345.com/dypcimg/img/5/0/sup1497_223x310.jpg,http://dianying.2345.com/detail/1497.html,"['杰奎琳·麦根斯', '杰拉德·勒帕斯基', '阿登·杨']",奇袭60阵地
33,http://imgwx5.2345.com/dypcimg/img/9/66/sup200174_223x310.jpg,http://dianying.2345.com/detail/200174.html,"['刘畅', '傅奕晨']",沙海番外之画媒
34,http://imgwx4.2345.com/dypcimg/img/c/65/sup195448_223x310.jpg,http://dianying.2345.com/detail/195448.html,"['赵丽颖', '林更新']",忘忧镇
35,http://imgwx3.2345.com/dypcimg/img/4/66/sup200202_223x310.jpg,http://dianying.2345.com/detail/200202.html,"['舒贵林', '何佳宁', '王笑龙']",菜鸟王爷闹江湖
36,http://imgwx5.2345.com/dypcimg/img/3/58/sup174765_223x310.jpg,http://dianying.2345.com/detail/174765.html,"['冯芷墨', '孙玮伦', '郑晓甫']",囚爱
37,http://imgwx3.2345.com/dypcimg/img/0/66/sup200129_223x310.jpg,http://dianying.2345.com/detail/200129.html,"['秦岚', '任重', '冯粒']",前任局中局
38,http://imgwx3.2345.com/dypcimg/img/9/53/sup161557_223x310.jpg?1487833870,http://dianying.2345.com/detail/161557.html,"['吴京', '弗兰克·格里罗', '卢靖姗']",战狼2
39,http://imgwx1.2345.com/dypcimg/img/b/66/sup200461_223x310.jpg,http://dianying.2345.com/detail/200461.html,"['周子龙', '李媛媛', '罗明友']",阿浪的远方
40,http://imgwx5.2345.com/dypcimg/img/f/6/sup18443_223x310.jpg?1427939586,http://dianying.2345.com/detail/18443.html,"['林正英', '钱小豪', '吴君如']",一眉道人
41,http://imgwx3.2345.com/dypcimg/img/5/66/sup200582_223x310.jpg,http://dianying.2345.com/detail/200582.html,"['叶斯琦', '李炎欣', '赫林']",浪花少女
42,http://imgwx3.2345.com/dypcimg/img/c/5/sup15220_223x310.jpg,http://dianying.2345.com/detail/15220.html,"['袁日初', '梁家仁', '袁祥仁']",奇门遁甲(1982)
43,http://imgwx5.2345.com/dypcimg/img/d/66/sup199920_223x310.jpg,http://dianying.2345.com/detail/199920.html,"['康凯', '王勉', '张诗卉']",玩偶特工
44,http://imgwx5.2345.com/dypcimg/img/9/66/sup199323_223x310.jpg?1540531612,http://dianying.2345.com/detail/199323.html,"['道恩·强森', '内芙·坎贝尔', '黄经汉']",摩天营救
45,http://imgwx2.2345.com/dypcimg/img/c/66/sup200244_223x310.jpg,http://dianying.2345.com/detail/200244.html,"['徐海为', '宋晨', '公方敏']",锦衣喋血
46,http://imgwx4.2345.com/dypcimg/img/7/65/sup195365_223x310.jpg?1519985535,http://dianying.2345.com/detail/195365.html,"['王凯', '马天宇', '王大陆']",英雄本色2018
47,http://imgwx4.2345.com/dypcimg/img/9/66/sup199953_223x310.jpg,http://dianying.2345.com/detail/199953.html,"['魏哲鸣', '李孟羲', '石雪婧']",阴阳诀之祭情
